{
  "CartPole_reinforce": {
    "sgd": {
      "learning_curve": {
        "mean": [
          23.92,
          23.520000000000003,
          19.240000000000002,
          22.880000000000003,
          32.92,
          29.72,
          33.959999999999994,
          32.2,
          23.16,
          28.639999999999997,
          37.68,
          25.8,
          33.52,
          29.120000000000005,
          19.36,
          26.840000000000003,
          26.560000000000002,
          18.4,
          23.439999999999998,
          22.520000000000003,
          22.439999999999998
        ],
        "std": [
          29.14394619813865,
          28.740939441848454,
          19.284563775206326,
          26.661012733952926,
          47.640923584666155,
          40.84264438059809,
          48.32248337989263,
          44.700246084333806,
          27.72245299391812,
          38.98048742640348,
          56.160712246195736,
          33.20265049660946,
          47.641427350573785,
          39.14355119301263,
          19.520409831763263,
          34.48069604865888,
          33.92188673997955,
          18.101491651242448,
          28.580944700971656,
          26.042918423248953,
          26.081533697234907
        ],
        "min": [
          8.8,
          8.8,
          9.2,
          9.2,
          8.8,
          8.4,
          9.0,
          9.6,
          9.0,
          8.8,
          9.2,
          8.8,
          9.4,
          8.6,
          9.4,
          9.4,
          9.2,
          9.0,
          9.0,
          9.0,
          9.0
        ],
        "max": [
          82.2,
          81.0,
          57.8,
          76.2,
          128.2,
          111.4,
          130.6,
          121.6,
          78.6,
          106.6,
          150.0,
          92.2,
          128.8,
          107.4,
          58.4,
          95.8,
          94.4,
          54.6,
          80.6,
          74.6,
          74.6
        ]
      },
      "final_metrics": {
        "mean_reward": {
          "mean": 31.259999999999998,
          "std": 43.27047954437297,
          "min": 9.4,
          "max": 117.8
        },
        "std_reward": {
          "mean": 17.094095654944738,
          "std": 32.60628610773694,
          "min": 0.66332495807108,
          "max": 82.30650035082283
        },
        "min_reward": {
          "mean": 13.6,
          "std": 10.707007051459337,
          "min": 8.0,
          "max": 35.0
        },
        "max_reward": {
          "mean": 70.2,
          "std": 119.40083751800067,
          "min": 10.0,
          "max": 309.0
        }
      },
      "training_time": {
        "mean": 0.4579142093658447,
        "std": 0.10741286835780559,
        "min": 0.37674808502197266,
        "max": 0.6697070598602295
      }
    },
    "eggroll": {
      "learning_curve": {
        "mean": [
          24.2,
          27.079999999999995,
          26.639999999999997,
          30.320000000000004,
          20.759999999999998,
          22.84,
          27.6,
          19.6,
          17.64,
          19.32,
          21.240000000000002,
          38.68,
          26.96,
          21.080000000000002,
          20.4,
          19.56,
          22.759999999999998,
          19.119999999999997,
          18.759999999999998,
          28.68,
          36.519999999999996
        ],
        "std": [
          29.40013605410696,
          35.26076573190094,
          33.49254245350747,
          42.04009514737092,
          22.120542488826985,
          26.689143860378888,
          35.706133926819916,
          19.71598336375845,
          15.003146336685516,
          19.2518466646709,
          22.584738209684875,
          56.869337959923534,
          35.120227789694084,
          22.677424897902323,
          21.02531807131583,
          19.155531838087917,
          25.626673603883905,
          18.5470644577518,
          18.028599501902526,
          38.76443731050407,
          53.545434912791585
        ],
        "min": [
          9.4,
          9.2,
          9.0,
          9.2,
          9.6,
          8.4,
          9.2,
          8.8,
          9.0,
          9.2,
          9.4,
          9.4,
          9.2,
          8.8,
          8.8,
          8.8,
          9.2,
          9.0,
          9.2,
          8.8,
          9.0
        ],
        "max": [
          83.0,
          97.6,
          93.6,
          114.4,
          65.0,
          76.2,
          99.0,
          59.0,
          47.6,
          57.8,
          66.4,
          152.4,
          97.2,
          66.4,
          62.4,
          57.8,
          74.0,
          56.2,
          54.8,
          106.2,
          143.6
        ]
      },
      "final_metrics": {
        "mean_reward": {
          "mean": 23.96,
          "std": 28.323883914463423,
          "min": 9.4,
          "max": 80.6
        },
        "std_reward": {
          "mean": 9.30672349553805,
          "std": 17.000614629406787,
          "min": 0.4898979485566356,
          "max": 43.30404138183872
        },
        "min_reward": {
          "mean": 14.4,
          "std": 11.80847153530041,
          "min": 8.0,
          "max": 38.0
        },
        "max_reward": {
          "mean": 45.4,
          "std": 68.80290691533317,
          "min": 10.0,
          "max": 183.0
        }
      },
      "training_time": {
        "mean": 29.28534631729126,
        "std": 1.0011293494144,
        "min": 27.747326850891113,
        "max": 30.553913116455078
      }
    }
  },
  "Pendulum_reinforce": {
    "sgd": {
      "learning_curve": {
        "mean": [
          -1342.9090925453588,
          -1277.568713062136,
          -1266.5254564526908,
          -1405.8829893513237,
          -1264.3490361190434,
          -1359.854134786682,
          -1315.7654606556512,
          -1342.2901991164235,
          -1312.8991992529095,
          -1269.0152512522632,
          -1317.099416270559,
          -1375.240096186574,
          -1277.7617337938627,
          -1290.0632607178025,
          -1289.3639235041376,
          -1323.8180852047421,
          -1237.700970947104,
          -1252.5284202000976,
          -1304.1568223312104,
          -1272.3746313875095,
          -1301.6166467881626
        ],
        "std": [
          80.01582527720576,
          58.346810068171656,
          61.24967522554955,
          76.3290967539679,
          141.69575514765788,
          121.19596898386688,
          94.50788371236534,
          75.1941540697513,
          121.7465699577019,
          109.17316870276892,
          140.0567031991809,
          129.41039944423127,
          50.06020035235881,
          156.42754665275825,
          126.11819148592413,
          64.9473629754193,
          132.57333288837108,
          78.70647876068809,
          107.84733021612956,
          73.69275315239646,
          31.02143625617438
        ],
        "min": [
          -1477.7796025970233,
          -1378.7524038647566,
          -1351.4773478000754,
          -1556.703627172211,
          -1425.7399482926999,
          -1480.0765791010242,
          -1463.0142590149126,
          -1457.2053867273207,
          -1491.7295052487473,
          -1422.5452354432377,
          -1544.683776259597,
          -1538.661783761067,
          -1351.3877398478849,
          -1543.5427111942467,
          -1475.0463888336294,
          -1412.667970865544,
          -1358.5558766217805,
          -1357.609318973413,
          -1423.590541558265,
          -1359.2617435957447,
          -1336.1098384480829
        ],