{
  "CartPole_reinforce": {
    "sgd": {
      "learning_curve": {
        "mean": [
          29.26666666666667,
          59.4,
          44.93333333333334,
          22.46666666666667,
          44.06666666666666,
          46.333333333333336,
          21.8,
          52.73333333333333,
          46.53333333333333,
          24.066666666666663,
          29.866666666666664,
          41.93333333333333,
          30.266666666666666,
          24.933333333333334,
          24.600000000000005,
          38.26666666666667,
          27.066666666666663,
          39.333333333333336,
          46.0,
          33.46666666666666,
          35.4,
          39.53333333333333,
          38.06666666666666,
          40.0,
          43.53333333333333,
          36.199999999999996
        ],
        "std": [
          28.379021986123643,
          70.56930399732354,
          49.82752474508665,
          18.05497776853304,
          49.16755931393065,
          51.80793590003583,
          17.39501844398754,
          61.70690579037505,
          52.09077546830042,
          20.742441729191114,
          28.66139486409473,
          45.726238516730064,
          29.368615145347853,
          22.250892616302433,
          21.496046148071045,
          40.118601947503386,
          25.272031092802088,
          42.04960034160715,
          51.76124676499463,
          33.47011934381007,
          36.346113960092076,
          42.19078361706763,
          39.975103363079484,
          42.99488341651829,
          47.70725544633879,
          37.90127526438479
        ],
        "min": [
          9.0,
          9.4,
          9.6,
          9.6,
          9.2,
          9.4,
          9.4,
          9.0,
          9.4,
          9.2,
          9.6,
          9.6,
          9.4,
          9.0,
          9.4,
          9.4,
          8.6,
          9.4,
          9.0,
          9.6,
          9.4,
          9.6,
          9.8,
          9.0,
          9.4,
          9.2
        ],
        "max": [
          69.4,
          159.2,
          115.4,
          48.0,
          113.6,
          119.6,
          46.4,
          140.0,
          120.2,
          53.4,
          70.4,
          106.6,
          71.8,
          56.4,
          55.0,
          95.0,
          62.8,
          98.8,
          119.2,
          80.8,
          86.8,
          99.2,
          94.6,
          100.8,
          111.0,
          89.8
        ]
      },
      "final_metrics": {
        "mean_reward": {
          "mean": 31.2,
          "std": 31.183649561909842,
          "min": 9.0,
          "max": 75.3
        },
        "std_reward": {
          "mean": 10.843891649042424,
          "std": 14.250731463232379,
          "min": 0.6403124237432849,
          "max": 30.99693533238407
        },
        "min_reward": {
          "mean": 17.666666666666668,
          "std": 13.670731102939918,
          "min": 8.0,
          "max": 37.0
        },
        "max_reward": {
          "mean": 58.666666666666664,
          "std": 68.11917661145225,
          "min": 10.0,
          "max": 155.0
        }
      },
      "training_time": {
        "mean": 0.3276543617248535,
        "std": 0.1160156715619449,
        "min": 0.22295808792114258,
        "max": 0.48940300941467285
      }
    },
    "eggroll": {
      "learning_curve": {
        "mean": [
          37.333333333333336,
          32.86666666666667,
          66.39999999999999,
          29.0,
          25.0,
          36.6,
          45.26666666666667,
          52.06666666666666,
          70.46666666666667,
          40.333333333333336,
          30.933333333333334,
          31.600000000000005,
          24.0,
          41.333333333333336,
          45.53333333333333,
          34.800000000000004,
          26.733333333333334,
          26.0,
          24.666666666666668,
          26.466666666666665,
          27.333333333333332,
          23.599999999999998,
          23.133333333333336,
          23.133333333333336,
          28.333333333333332,
          25.200000000000003
        ],
        "std": [
          39.92871425706345,
          33.18728002647333,
          79.48299608511664,
          26.605262637305422,
          21.649942263202462,
          36.20718160807328,
          50.0214176350713,
          58.933710406033505,
          84.81231566753078,
          42.474253639378084,
          29.343634554855146,
          30.83374774496282,
          19.516830343748616,
          42.48680841024528,
          49.6956962142822,
          35.07857845846475,
          23.4021841335851,
          21.399688471252723,
          20.07209228976613,
          22.315515280230976,
          22.874342734941163,
          18.968043300948747,
          18.4364373516746,
          16.97161028174862,
          24.274723937096013,
          20.80192298803166
        ],
        "min": [
          8.8,
          9.2,
          9.2,
          9.0,
          8.8,
          10.4,
          9.0,
          9.2,
          9.2,
          10.0,
          8.8,
          9.2,
          10.0,
          10.0,
          9.2,
          9.2,
          9.0,
          9.2,
          9.0,
          9.6,
          9.2,
          9.2,
          9.6,
          9.0,
          9.4,
          9.6
        ],
        "max": [
          93.8,
          79.8,
          178.8,
          66.6,
          55.6,
          87.8,
          116.0,
          135.4,
          190.4,
          100.4,
          72.4,
          75.2,
          51.6,
          101.4,
          115.8,
          84.4,
          59.8,
          56.2,
          53.0,
          58.0,
          59.6,
          50.4,
          49.2,
          47.0,
          62.6,
          54.6
        ]
      },
      "final_metrics": {
        "mean_reward": {
          "mean": 22.566666666666666,
          "std": 16.88872075939705,
          "min": 9.3,
          "max": 46.4
        },
        "std_reward": {
          "mean": 2.8659503328237297,
          "std": 2.2067310717712942,
          "min": 0.7810249675906655,
          "max": 5.919459434779497
        },
        "min_reward": {
          "mean": 17.666666666666668,
          "std": 12.970050972229146,
          "min": 8.0,
          "max": 36.0
        },
        "max_reward": {
          "mean": 26.666666666666668,
          "std": 20.138409955990955,
          "min": 10.0,
          "max": 55.0
        }
      },
      "training_time": {
        "mean": 15.37184731165568,
        "std": 0.33331557961045943,
        "min": 14.992237091064453,
        "max": 15.803666830062866
      }
    }
  }
}