{
  "CartPole_reinforce": {
    "sgd": {
      "learning_curve": {
        "mean": [
          31.080000000000002,
          24.479999999999997,
          23.2,
          31.959999999999997,
          25.4,
          27.76,
          24.880000000000003,
          17.919999999999998,
          26.04,
          27.559999999999995,
          19.6,
          19.44,
          20.919999999999998,
          26.920000000000005,
          23.640000000000004,
          28.240000000000002,
          25.959999999999997,
          35.88,
          25.52,
          19.8,
          21.880000000000003
        ],
        "std": [
          43.26080905392316,
          30.062228792955455,
          27.300402927429477,
          44.62114297056946,
          31.003225638633154,
          36.6229217840412,
          31.560126742457797,
          17.04563287179446,
          33.080604589396486,
          36.22096630406207,
          20.40039215309353,
          20.08119518355419,
          22.941525668533902,
          35.143272471413354,
          28.384897392803808,
          36.98137909813532,
          33.32204075383139,
          52.360381969576956,
          31.340606248124814,
          20.500536578343507,
          24.36180617277791
        ],
        "min": [
          9.0,
          8.8,
          9.4,
          9.2,
          9.2,
          8.8,
          9.0,
          8.6,
          9.2,
          9.0,
          9.2,
          9.2,
          9.0,
          8.8,
          8.8,
          9.2,
          8.6,
          9.4,
          9.6,
          9.4,
          9.4
        ],
        "max": [
          117.6,
          84.6,
          77.8,
          121.2,
          87.4,
          101.0,
          88.0,
          52.0,
          92.2,
          100.0,
          60.4,
          59.6,
          66.8,
          97.2,
          80.4,
          102.2,
          92.6,
          140.6,
          88.2,
          60.8,
          70.6
        ]
      },
      "final_metrics": {
        "mean_reward": {
          "mean": 24.82,
          "std": 30.641762351405312,
          "min": 9.2,
          "max": 86.1
        },
        "std_reward": {
          "mean": 11.426422245998271,
          "std": 21.304151582641254,
          "min": 0.6,
          "max": 54.034155864601054
        },
        "min_reward": {
          "mean": 14.2,
          "std": 12.399999999999999,
          "min": 8.0,
          "max": 39.0
        },
        "max_reward": {
          "mean": 53.2,
          "std": 85.40117095215967,
          "min": 10.0,
          "max": 224.0
        }
      },
      "training_time": {
        "mean": 0.4637943744659424,
        "std": 0.10114130996653031,
        "min": 0.38645100593566895,
        "max": 0.6481778621673584
      }
    },
    "eggroll": {
      "learning_curve": {
        "mean": [
          20.2,
          30.080000000000002,
          25.28,
          40.160000000000004,
          29.119999999999997,
          25.56,
          20.2,
          16.520000000000003,
          15.0,
          17.52,
          18.880000000000003,
          16.759999999999998,
          20.480000000000004,
          28.080000000000002,
          30.880000000000003,
          45.92,
          24.32,
          30.76,
          27.52,
          25.52,
          25.96
        ],
        "std": [
          21.002476044504846,
          40.66145103165896,
          31.363061075092777,
          61.326457585613085,
          39.3400762581874,
          30.92556224226166,
          21.601111082534622,
          12.875154368006623,
          10.723432286353097,
          15.25180645038482,
          18.385037394577147,
          14.421317554232,
          22.26013477048151,
          36.47456099804355,
          42.562819455482504,
          72.44458295828612,
          28.865647403098375,
          42.62307356350548,
          35.44564289161645,
          31.740598608091812,
          32.22058969044483
        ],
        "min": [
          9.2,
          9.4,
          9.2,
          8.8,
          9.4,
          9.6,
          9.2,
          9.2,
          9.0,
          9.2,
          8.6,
          9.2,
          9.2,
          8.8,
          9.0,
          8.8,
          8.8,
          9.0,
          9.2,
          9.4,
          9.6
        ],
        "max": [
          62.2,
          111.4,
          88.0,
          162.8,
          107.8,
          87.4,
          63.4,
          42.2,
          36.4,
          48.0,
          55.6,
          45.6,
          65.0,
          101.0,
          116.0,
          190.8,
          82.0,
          116.0,
          98.4,
          89.0,
          90.4
        ]
      },
      "final_metrics": {
        "mean_reward": {
          "mean": 30.580000000000002,
          "std": 41.9144080239719,
          "min": 9.2,
          "max": 114.4
        },
        "std_reward": {
          "mean": 11.269140455102905,
          "std": 20.77865427315164,
          "min": 0.6,
          "max": 52.82082922484273
        },
        "min_reward": {
          "mean": 16.8,
          "std": 16.60602300371766,
          "min": 8.0,
          "max": 50.0
        },
        "max_reward": {
          "mean": 48.2,
          "std": 74.4080640791037,
          "min": 10.0,
          "max": 197.0
        }
      },
      "training_time": {
        "mean": 29.510560083389283,
        "std": 0.5603310733198209,
        "min": 29.0508291721344,
        "max": 30.548948049545288
      }
    }
  },
  "Pendulum_reinforce": {
    "sgd": {
      "learning_curve": {
        "mean": [
          -1353.1086395687646,
          -1300.2240108922888,
          -1431.839801875644,
          -1295.4214344120799,
          -1290.8491223083824,
          -1298.1672801139246,
          -1278.5663028190415,
          -1338.2913552607843,
          -1304.8662923928869,
          -1280.1882684139036,
          -1254.7510531681667,
          -1281.8950968691051,
          -1263.0900871735298,
          -1269.6581436848403,
          -1240.4313596334773,
          -1292.2052344837496,
          -1303.3044808741956,
          -1325.6710428799859,
          -1318.2656588176797,
          -1441.6523466210654,
          -1337.1495463695348
        ],
        "std": [
          124.3212490697243,
          173.86656818524835,
          33.388833830854445,
          52.26122734761895,
          111.34755503528699,
          58.09999716859657,
          118.47142898737347,
          147.90745195157334,
          30.855539482043486,
          57.586794418373955,
          129.95750248272213,
          102.55899680591017,
          71.13127149505493,
          121.53766963296542,
          125.79019555129388,
          34.42146631560179,
          101.03657805222096,
          129.05447165118085,
          107.42988626816265,
          126.07079588537475,
          99.49291588859239
        ],
        "min": [
          -1558.7989228579156,
          -1605.3096630000007,
          -1472.2444382612236,
          -1365.006065942373,
          -1446.2974073405571,
          -1398.2287009307563,
          -1471.09256486753,
          -1528.0292630428255,
          -1354.3099143392824,
          -1363.6311788656174,
          -1471.425383003653,
          -1478.2777095439822,
          -1338.7782964018595,
          -1464.757653018289,
          -1457.3023174081197,
          -1334.8078098627614,
          -1471.884368068802,
          -1429.3685189870228,
          -1527.6455315011158,
          -1612.5105778365694,
          -1504.9493999752399
        ],